-- MySQL dump 10.17  Distrib 10.3.23-MariaDB, for debian-linux-gnu (x86_64)
--
-- Host: localhost    Database: schoolDB
-- ------------------------------------------------------
-- Server version	10.3.23-MariaDB-1:10.3.23+maria~bionic-log

/*!40101 SET @OLD_CHARACTER_SET_CLIENT=@@CHARACTER_SET_CLIENT */;
/*!40101 SET @OLD_CHARACTER_SET_RESULTS=@@CHARACTER_SET_RESULTS */;
/*!40101 SET @OLD_COLLATION_CONNECTION=@@COLLATION_CONNECTION */;
/*!40101 SET NAMES utf8mb4 */;
/*!40103 SET @OLD_TIME_ZONE=@@TIME_ZONE */;
/*!40103 SET TIME_ZONE='+00:00' */;
/*!40014 SET @OLD_UNIQUE_CHECKS=@@UNIQUE_CHECKS, UNIQUE_CHECKS=0 */;
/*!40014 SET @OLD_FOREIGN_KEY_CHECKS=@@FOREIGN_KEY_CHECKS, FOREIGN_KEY_CHECKS=0 */;
/*!40101 SET @OLD_SQL_MODE=@@SQL_MODE, SQL_MODE='NO_AUTO_VALUE_ON_ZERO' */;
/*!40111 SET @OLD_SQL_NOTES=@@SQL_NOTES, SQL_NOTES=0 */;

--
-- Table structure for table `course_subjects`
--

DROP TABLE IF EXISTS `course_subjects`;
/*!40101 SET @saved_cs_client     = @@character_set_client */;
/*!40101 SET character_set_client = utf8 */;
CREATE TABLE `course_subjects` (
  `id` int(11) NOT NULL AUTO_INCREMENT,
  `id_course` int(11) NOT NULL,
  `id_subject` int(11) NOT NULL,
  PRIMARY KEY (`id`),
  KEY `course_subjects_FK` (`id_course`),
  KEY `course_subjects_FK_1` (`id_subject`),
  CONSTRAINT `course_subjects_FK` FOREIGN KEY (`id_course`) REFERENCES `courses` (`id_course`),
  CONSTRAINT `course_subjects_FK_1` FOREIGN KEY (`id_subject`) REFERENCES `subjects` (`id_subject`)
) ENGINE=InnoDB AUTO_INCREMENT=11 DEFAULT CHARSET=latin1;
/*!40101 SET character_set_client = @saved_cs_client */;

--
-- Dumping data for table `course_subjects`
--

LOCK TABLES `course_subjects` WRITE;
/*!40000 ALTER TABLE `course_subjects` DISABLE KEYS */;
INSERT INTO `course_subjects` VALUES (1,2,3),(2,2,2),(4,6,3),(5,3,3),(6,3,4),(7,3,5),(8,3,6),(9,3,7),(10,3,8);
/*!40000 ALTER TABLE `course_subjects` ENABLE KEYS */;
UNLOCK TABLES;

--
-- Table structure for table `courses`
--

DROP TABLE IF EXISTS `courses`;
/*!40101 SET @saved_cs_client     = @@character_set_client */;
/*!40101 SET character_set_client = utf8 */;
CREATE TABLE `courses` (
  `id_course` int(11) NOT NULL AUTO_INCREMENT,
  `name` varchar(255) NOT NULL,
  `description` varchar(500) NOT NULL,
  `date_start` date NOT NULL,
  `date_end` date NOT NULL,
  `active` int(11) NOT NULL,
  PRIMARY KEY (`id_course`),
  UNIQUE KEY `name` (`name`,`date_start`,`date_end`)
) ENGINE=InnoDB AUTO_INCREMENT=9 DEFAULT CHARSET=utf8 ROW_FORMAT=DYNAMIC;
/*!40101 SET character_set_client = @saved_cs_client */;

--
-- Dumping data for table `courses`
--

LOCK TABLES `courses` WRITE;
/*!40000 ALTER TABLE `courses` DISABLE KEYS */;
INSERT INTO `courses` VALUES (2,'asir','Sistemas y redes','2020-08-01','2020-08-30',1),(3,'dam','desarrollo de aplicaciones multiplataforma','2020-08-10','2020-08-28',1),(4,'daw','desarrollo de aplicaciones web','2020-08-13','2020-08-13',1),(6,'daw2','desarrollo de aplicaciones web','2020-08-13','2020-08-13',1);
/*!40000 ALTER TABLE `courses` ENABLE KEYS */;
UNLOCK TABLES;

--
-- Table structure for table `enrollment`
--

DROP TABLE IF EXISTS `enrollment`;
/*!40101 SET @saved_cs_client     = @@character_set_client */;
/*!40101 SET character_set_client = utf8 */;
CREATE TABLE `enrollment` (
  `id_enrollment` int(11) NOT NULL AUTO_INCREMENT,
  `id_student` int(11) NOT NULL,
  `id_course` int(11) NOT NULL,
  `status` int(11) NOT NULL,
  PRIMARY KEY (`id_enrollment`),
  UNIQUE KEY `id_student` (`id_student`,`id_course`)
) ENGINE=InnoDB AUTO_INCREMENT=8 DEFAULT CHARSET=utf8;
/*!40101 SET character_set_client = @saved_cs_client */;

--
-- Dumping data for table `enrollment`
--

LOCK TABLES `enrollment` WRITE;
/*!40000 ALTER TABLE `enrollment` DISABLE KEYS */;
INSERT INTO `enrollment` VALUES (4,26,3,1),(7,26,6,1);
/*!40000 ALTER TABLE `enrollment` ENABLE KEYS */;
UNLOCK TABLES;

--
-- Table structure for table `schedule`
--

DROP TABLE IF EXISTS `schedule`;
/*!40101 SET @saved_cs_client     = @@character_set_client */;
/*!40101 SET character_set_client = utf8 */;
CREATE TABLE `schedule` (
  `id_schedule` int(11) NOT NULL AUTO_INCREMENT,
  `id_course` int(11) NOT NULL,
  `id_subject` int(11) NOT NULL,
  `time_start` time NOT NULL,
  `time_end` time NOT NULL,
  `day` varchar(100) NOT NULL,
  PRIMARY KEY (`id_schedule`)
) ENGINE=InnoDB AUTO_INCREMENT=16 DEFAULT CHARSET=utf8;
/*!40101 SET character_set_client = @saved_cs_client */;

--
-- Dumping data for table `schedule`
--

LOCK TABLES `schedule` WRITE;
/*!40000 ALTER TABLE `schedule` DISABLE KEYS */;
INSERT INTO `schedule` VALUES (3,3,3,'22:01:00','22:01:00','m|t|w|r|f|s|u'),(11,3,4,'12:36:00','15:36:00','m|r'),(12,3,5,'17:37:00','15:37:00','s'),(13,3,6,'13:37:00','13:37:00','m|r'),(14,3,7,'13:37:00','15:37:00','m|t|w|r'),(15,3,8,'13:37:00','15:37:00','m|w');
/*!40000 ALTER TABLE `schedule` ENABLE KEYS */;
UNLOCK TABLES;

--
-- Table structure for table `subjects`
--

DROP TABLE IF EXISTS `subjects`;
/*!40101 SET @saved_cs_client     = @@character_set_client */;
/*!40101 SET character_set_client = utf8 */;
CREATE TABLE `subjects` (
  `id_subject` int(11) NOT NULL AUTO_INCREMENT,
  `id_teacher` int(11) NOT NULL,
  `name` varchar(100) NOT NULL,
  `color` varchar(100) DEFAULT NULL,
  PRIMARY KEY (`id_subject`)
) ENGINE=InnoDB AUTO_INCREMENT=9 DEFAULT CHARSET=latin1;
/*!40101 SET character_set_client = @saved_cs_client */;

--
-- Dumping data for table `subjects`
--

LOCK TABLES `subjects` WRITE;
/*!40000 ALTER TABLE `subjects` DISABLE KEYS */;
INSERT INTO `subjects` VALUES (2,27,'student','red'),(3,27,'sdfsf','blue'),(4,27,'dfsgdsfh','black'),(5,27,'dsfghsdh','green'),(6,27,'dsfh','yellow'),(7,27,'sdfhds','orange'),(8,27,'sdfh','');
/*!40000 ALTER TABLE `subjects` ENABLE KEYS */;
UNLOCK TABLES;

--
-- Table structure for table `users`
--

DROP TABLE IF EXISTS `users`;
/*!40101 SET @saved_cs_client     = @@character_set_client */;
/*!40101 SET character_set_client = utf8 */;
CREATE TABLE `users` (
  `id` int(11) NOT NULL AUTO_INCREMENT,
  `username` varchar(255) NOT NULL,
  `password` varchar(255) NOT NULL,
  `email` varchar(255) NOT NULL,
  `name` varchar(255) NOT NULL,
  `surname` varchar(255) NOT NULL,
  `telephone` varchar(50) NOT NULL,
  `nif` varchar(50) NOT NULL,
  `date_registered` datetime NOT NULL DEFAULT '0000-00-00 00:00:00',
  `type` varchar(100) NOT NULL,
  PRIMARY KEY (`id`),
  KEY `username` (`username`,`email`)
) ENGINE=InnoDB AUTO_INCREMENT=29 DEFAULT CHARSET=utf8 ROW_FORMAT=DYNAMIC;
/*!40101 SET character_set_client = @saved_cs_client */;

--
-- Dumping data for table `users`
--

LOCK TABLES `users` WRITE;
/*!40000 ALTER TABLE `users` DISABLE KEYS */;
INSERT INTO `users` VALUES (1,'admin','123','prosen@example.com','Manuel','Mendizábal González','677784082','987654','0000-00-00 00:00:00','admin'),(23,'teacher','123','test@test.es','teacher','teacher','123','123124','2020-08-16 18:54:29','teacher'),(26,'student','123','test@test','student','student','123123','afasfdadf1','2020-08-16 19:18:31','student');
/*!40000 ALTER TABLE `users` ENABLE KEYS */;
UNLOCK TABLES;

--
-- Dumping routines for database 'schoolDB'
--
/*!40103 SET TIME_ZONE=@OLD_TIME_ZONE */;

/*!40101 SET SQL_MODE=@OLD_SQL_MODE */;
/*!40014 SET FOREIGN_KEY_CHECKS=@OLD_FOREIGN_KEY_CHECKS */;
/*!40014 SET UNIQUE_CHECKS=@OLD_UNIQUE_CHECKS */;
/*!40101 SET CHARACTER_SET_CLIENT=@OLD_CHARACTER_SET_CLIENT */;
/*!40101 SET CHARACTER_SET_RESULTS=@OLD_CHARACTER_SET_RESULTS */;
/*!40101 SET COLLATION_CONNECTION=@OLD_COLLATION_CONNECTION */;
/*!40111 SET SQL_NOTES=@OLD_SQL_NOTES */;

-- Dump completed on 2020-08-29 19:24:02